id,topic_category
,General Discussion
,General Discussion
,General Discussion
,General Discussion
,General Discussion
,General Discussion
,General Discussion
,General Discussion
,General Discussion
,General Discussion
,General Discussion
,General Discussion
,General Discussion
,General Discussion
,General Discussion
,General Discussion
,General Discussion
,General Discussion
,General Discussion
,General Discussion
,General Discussion
,General Discussion
,General Discussion
,General Discussion
,General Discussion
,General Discussion
,General Discussion
,General Discussion
,General Discussion
,General Discussion
,General Discussion
,General Discussion
,General Discussion
,General Discussion
,General Discussion
,General Discussion
,General Discussion
,General Discussion
,General Discussion
,General Discussion
,General Discussion
,General Discussion
,General Discussion
,General Discussion
,General Discussion
,General Discussion
,General Discussion
,General Discussion
,General Discussion
,General Discussion
,General Discussion
,General Discussion
,General Discussion
,General Discussion
,General Discussion
,General Discussion
,General Discussion
,General Discussion
,General Discussion
,General Discussion
,General Discussion
,General Discussion
,General Discussion
,General Discussion
,General Discussion
,General Discussion
,General Discussion
,General Discussion
,General Discussion
,General Discussion
,General Discussion
,General Discussion
,General Discussion
,General Discussion
,General Discussion
,General Discussion
,General Discussion
,General Discussion
,General Discussion
,General Discussion
,General Discussion
,General Discussion
,General Discussion
,General Discussion
,General Discussion
,General Discussion
,General Discussion
,General Discussion
,General Discussion
,General Discussion
,General Discussion
,General Discussion
,General Discussion
,General Discussion
,General Discussion
,General Discussion
,General Discussion
,General Discussion
,General Discussion
,General Discussion
,General Discussion
,General Discussion
,General Discussion
,General Discussion
,General Discussion
,General Discussion
,General Discussion
,General Discussion
,General Discussion
,General Discussion
,General Discussion
,General Discussion
,General Discussion
,General Discussion
,General Discussion
,General Discussion
,General Discussion
,General Discussion
,General Discussion
,General Discussion
,General Discussion
,General Discussion
,General Discussion
,General Discussion
,General Discussion
,General Discussion
,General Discussion
,General Discussion
,General Discussion
,General Discussion
,General Discussion
,General Discussion
,General Discussion
,General Discussion
,General Discussion
,General Discussion
,General Discussion
,General Discussion
,General Discussion
,General Discussion
,General Discussion
,General Discussion
,General Discussion
,General Discussion
,General Discussion
,General Discussion
,General Discussion
,General Discussion
,General Discussion
,General Discussion
,General Discussion
,General Discussion
,General Discussion
,General Discussion
,General Discussion
,General Discussion
,General Discussion
,General Discussion
,General Discussion
,General Discussion
,General Discussion
,General Discussion
,General Discussion
,General Discussion
,General Discussion
,General Discussion
,General Discussion
,General Discussion
,General Discussion
,General Discussion
,General Discussion
,General Discussion
,General Discussion
,General Discussion
,General Discussion
,General Discussion
,General Discussion
,General Discussion
,General Discussion
,General Discussion
,General Discussion
,General Discussion
,General Discussion
,General Discussion
,General Discussion
,General Discussion
,General Discussion
,General Discussion
,General Discussion
,General Discussion
,General Discussion
,General Discussion
,General Discussion
,General Discussion
,General Discussion
,General Discussion
,General Discussion
,General Discussion
,General Discussion
,General Discussion
,General Discussion
,General Discussion
,General Discussion
,General Discussion
,General Discussion
,General Discussion
,General Discussion
,General Discussion
,General Discussion
,General Discussion
,General Discussion
,General Discussion
,General Discussion
,General Discussion
,General Discussion
,General Discussion
,General Discussion
,General Discussion
,General Discussion
,General Discussion
,General Discussion
,General Discussion
,General Discussion
,General Discussion
,General Discussion
,General Discussion
,General Discussion
,General Discussion
,General Discussion
,General Discussion
,General Discussion
,General Discussion
,General Discussion
,General Discussion
,General Discussion
,General Discussion
,General Discussion
,General Discussion
,General Discussion
,General Discussion
,General Discussion
,General Discussion
,General Discussion
,General Discussion
,General Discussion
,General Discussion
,General Discussion
,General Discussion
,General Discussion
,General Discussion
,General Discussion
,General Discussion
,General Discussion
,General Discussion
,General Discussion
,General Discussion
,General Discussion
,General Discussion
,General Discussion
,General Discussion
,General Discussion
,General Discussion
,General Discussion
,General Discussion
,General Discussion
,General Discussion
,General Discussion
,General Discussion
,General Discussion
,General Discussion
,General Discussion
,General Discussion
,General Discussion
,General Discussion
,General Discussion
,General Discussion
,General Discussion
,General Discussion
,General Discussion
,General Discussion
,General Discussion
,General Discussion
,General Discussion
,General Discussion
,General Discussion
,General Discussion
,General Discussion
,General Discussion
,General Discussion
,General Discussion
,General Discussion
,General Discussion
,General Discussion
,General Discussion
,General Discussion
,General Discussion
,General Discussion
,General Discussion
,General Discussion
,General Discussion
,General Discussion
,General Discussion
,General Discussion
,General Discussion
,General Discussion
,General Discussion
,General Discussion
,General Discussion
,General Discussion
,General Discussion
,General Discussion
,General Discussion
,General Discussion
,General Discussion
,General Discussion
,General Discussion
,General Discussion
,General Discussion
,General Discussion
,General Discussion
,General Discussion
,General Discussion
,General Discussion
,General Discussion
,General Discussion
,General Discussion
,General Discussion
,General Discussion
,General Discussion
,General Discussion
,General Discussion
,General Discussion
,General Discussion
,General Discussion
,General Discussion
,General Discussion
,General Discussion
,General Discussion
,General Discussion
,General Discussion
,General Discussion
,General Discussion
,General Discussion
,General Discussion
,General Discussion
,General Discussion
,General Discussion
,General Discussion
,General Discussion
,General Discussion
,General Discussion
,General Discussion
,General Discussion
,General Discussion
,General Discussion
,General Discussion
,General Discussion
,General Discussion
,General Discussion
,General Discussion
,General Discussion
,General Discussion
,General Discussion
,General Discussion
,General Discussion
,General Discussion
,General Discussion
,General Discussion
,General Discussion
,General Discussion
,General Discussion
,General Discussion
,General Discussion
,General Discussion
,General Discussion
,General Discussion
,General Discussion
,General Discussion
,General Discussion
,General Discussion
,General Discussion
,General Discussion
,General Discussion
,General Discussion
,General Discussion
,General Discussion
,General Discussion
,General Discussion
,General Discussion
,General Discussion
,General Discussion
,General Discussion
,General Discussion
,General Discussion
,General Discussion
,General Discussion
,General Discussion
,General Discussion
,General Discussion
,General Discussion
,General Discussion
,General Discussion
,General Discussion
,General Discussion
,General Discussion
,General Discussion
,General Discussion
,General Discussion
,General Discussion
,General Discussion
,General Discussion
,General Discussion
,General Discussion
,General Discussion
,General Discussion
,General Discussion
,General Discussion
,General Discussion
,General Discussion
,General Discussion
,General Discussion
,General Discussion
,General Discussion
,General Discussion
,General Discussion
,General Discussion
,General Discussion
,General Discussion
,General Discussion
,General Discussion
,General Discussion
,General Discussion
,General Discussion
,General Discussion
,General Discussion
,General Discussion
,General Discussion
,General Discussion
,General Discussion
,General Discussion
,General Discussion
,General Discussion
,General Discussion
,General Discussion
,General Discussion
,General Discussion
,General Discussion
,General Discussion
,General Discussion
,General Discussion
,General Discussion
,General Discussion
,General Discussion
,General Discussion
,General Discussion
,General Discussion
,General Discussion
,General Discussion
,General Discussion
,General Discussion
,General Discussion
,General Discussion
,General Discussion
,General Discussion
,General Discussion
,General Discussion
,General Discussion
,General Discussion
,General Discussion
,General Discussion
,General Discussion
,General Discussion
,General Discussion
,General Discussion
,General Discussion
,General Discussion
,General Discussion
,General Discussion
,General Discussion
,General Discussion
,General Discussion
,General Discussion
,General Discussion
,General Discussion
,General Discussion
,General Discussion
,General Discussion
,General Discussion
,General Discussion
,General Discussion
,General Discussion
,General Discussion
,General Discussion
,General Discussion
,General Discussion
,General Discussion
,General Discussion
,General Discussion
,General Discussion
,General Discussion
,General Discussion
,General Discussion
,General Discussion
,General Discussion
,General Discussion
,General Discussion
,General Discussion
,General Discussion
,General Discussion
,General Discussion
,General Discussion
,General Discussion
,General Discussion
,General Discussion
,General Discussion
,General Discussion
,General Discussion
,General Discussion
,General Discussion
,General Discussion
,General Discussion
,General Discussion
,General Discussion
,General Discussion
,General Discussion
,General Discussion
,General Discussion
,General Discussion
,General Discussion
,General Discussion
,General Discussion
,General Discussion
,General Discussion
,General Discussion
,General Discussion
,General Discussion
,General Discussion
,General Discussion
,General Discussion
,General Discussion
,General Discussion
,General Discussion
,General Discussion
,General Discussion
,General Discussion
,General Discussion
,General Discussion
,General Discussion
,General Discussion
,General Discussion
,General Discussion
,General Discussion
,General Discussion
,General Discussion
,General Discussion
,General Discussion
,General Discussion
,General Discussion
,General Discussion
,General Discussion
,General Discussion
,General Discussion
,General Discussion
,General Discussion
,General Discussion
,General Discussion
,General Discussion
,General Discussion
,General Discussion
,General Discussion
,General Discussion
,General Discussion
,General Discussion
,General Discussion
,General Discussion
,General Discussion
,General Discussion
,General Discussion
,General Discussion
,General Discussion
,General Discussion
,General Discussion
,General Discussion
,General Discussion
,General Discussion
,General Discussion
,General Discussion
,General Discussion
,General Discussion
,General Discussion
,General Discussion
,General Discussion
,General Discussion
,General Discussion
,General Discussion
,General Discussion
,General Discussion
,General Discussion
,General Discussion
,General Discussion
,General Discussion
,General Discussion
,General Discussion
,General Discussion
,General Discussion
,General Discussion
,General Discussion
,General Discussion
,General Discussion
,General Discussion
,General Discussion
,General Discussion
,General Discussion
,General Discussion
,General Discussion
,General Discussion
,General Discussion
,General Discussion
,General Discussion
,General Discussion
,General Discussion
,General Discussion
,General Discussion
,General Discussion
,General Discussion
,General Discussion
,General Discussion
,General Discussion
,General Discussion
,General Discussion
,General Discussion
,General Discussion
,General Discussion
,General Discussion
,General Discussion
,General Discussion
,General Discussion
,General Discussion
,General Discussion
,General Discussion
,General Discussion
,General Discussion
,General Discussion
,General Discussion
,General Discussion
,General Discussion
,General Discussion
,General Discussion
,General Discussion
,General Discussion
,General Discussion
,General Discussion
,General Discussion
,General Discussion
,General Discussion
,General Discussion
,General Discussion
,General Discussion
,General Discussion
,General Discussion
,General Discussion
,General Discussion
,General Discussion
,General Discussion
,General Discussion
,General Discussion
,General Discussion
,General Discussion
,General Discussion
,General Discussion
,General Discussion
,General Discussion
,General Discussion
,General Discussion
,General Discussion
,General Discussion
,General Discussion
,General Discussion
,General Discussion
,General Discussion
,General Discussion
,General Discussion
,General Discussion
,General Discussion
,General Discussion
,General Discussion
,General Discussion
,General Discussion
,General Discussion
,General Discussion
,General Discussion
,General Discussion
,General Discussion
,General Discussion
,General Discussion
,General Discussion
,General Discussion
,General Discussion
,General Discussion
,General Discussion
,General Discussion
,General Discussion
,General Discussion
,General Discussion
,General Discussion
,General Discussion
,General Discussion
,General Discussion
,General Discussion
,General Discussion
,General Discussion
,General Discussion
,General Discussion
,General Discussion
,General Discussion
,General Discussion
,General Discussion
,General Discussion
,General Discussion
,General Discussion
,General Discussion
,General Discussion
,General Discussion
,General Discussion
,General Discussion
,General Discussion
,General Discussion
,General Discussion
,General Discussion
,General Discussion
,General Discussion
,General Discussion
,General Discussion
,General Discussion
,General Discussion
,General Discussion
,General Discussion
,General Discussion
,General Discussion
,General Discussion
,General Discussion
,General Discussion
,General Discussion
,General Discussion
,General Discussion
,General Discussion
,General Discussion
,General Discussion
,General Discussion
,General Discussion
,General Discussion
,General Discussion
,General Discussion
,General Discussion
,General Discussion
,General Discussion
,General Discussion
,General Discussion
,General Discussion
,General Discussion
,General Discussion
,General Discussion
,General Discussion
,General Discussion
,General Discussion
,General Discussion
,General Discussion
,General Discussion
,General Discussion
,General Discussion
,General Discussion
,General Discussion
,General Discussion
,General Discussion
,General Discussion
,General Discussion
,General Discussion
,General Discussion
,General Discussion
,General Discussion
,General Discussion
,General Discussion
,General Discussion
,General Discussion
,General Discussion
,General Discussion
,General Discussion
,General Discussion
,General Discussion
,General Discussion
,General Discussion
,General Discussion
,General Discussion
,General Discussion
,General Discussion
,General Discussion
,General Discussion
,General Discussion
,General Discussion
,General Discussion
,General Discussion
,General Discussion
,General Discussion
,General Discussion
,General Discussion
,General Discussion
,General Discussion
,General Discussion
,General Discussion
,General Discussion
,General Discussion
,General Discussion
,General Discussion
,General Discussion
,General Discussion
,General Discussion
,General Discussion
,General Discussion
,General Discussion
,General Discussion
,General Discussion
,General Discussion
,General Discussion
,General Discussion
,General Discussion
,General Discussion
,General Discussion
,General Discussion
,General Discussion
,General Discussion
,General Discussion
,General Discussion
,General Discussion
,General Discussion
,General Discussion
,General Discussion
,General Discussion
,General Discussion
,General Discussion
,General Discussion
,General Discussion
,General Discussion
,General Discussion
,General Discussion
,General Discussion
,General Discussion
,General Discussion
,General Discussion
,General Discussion
,General Discussion
,General Discussion
,General Discussion
,General Discussion
,General Discussion
,General Discussion
,General Discussion
,General Discussion
,General Discussion
,General Discussion
,General Discussion
,General Discussion
,General Discussion
,General Discussion
,General Discussion
,General Discussion
,General Discussion
,General Discussion
,General Discussion
,General Discussion
,General Discussion
,General Discussion
,General Discussion
,General Discussion
,General Discussion
,General Discussion
,General Discussion
,General Discussion
,General Discussion
,General Discussion
,General Discussion
,General Discussion
,General Discussion
,General Discussion
,General Discussion
,General Discussion
,General Discussion
,General Discussion
,General Discussion
,General Discussion
,General Discussion
,General Discussion
,General Discussion
,General Discussion
,General Discussion
,General Discussion
,General Discussion
,General Discussion
,General Discussion
,General Discussion
,General Discussion
,General Discussion
,General Discussion
,General Discussion
,General Discussion
,General Discussion
,General Discussion
,General Discussion
,General Discussion
,General Discussion
,General Discussion
,General Discussion
,General Discussion
,General Discussion
,General Discussion
,General Discussion
,General Discussion
,General Discussion
,General Discussion
,General Discussion
,General Discussion
,General Discussion
,General Discussion
,General Discussion
,General Discussion
,General Discussion
,General Discussion
,General Discussion
,General Discussion
,General Discussion
,General Discussion
,General Discussion
,General Discussion
,General Discussion
,General Discussion
,General Discussion
,General Discussion
,General Discussion
,General Discussion
,General Discussion
,General Discussion
,General Discussion
,General Discussion
,General Discussion
,General Discussion
,General Discussion
,General Discussion
,General Discussion
,General Discussion
,General Discussion
,General Discussion
,General Discussion
,General Discussion
,General Discussion
,General Discussion
,General Discussion
,General Discussion
,General Discussion
,General Discussion
,General Discussion
,General Discussion
,General Discussion
,General Discussion
,General Discussion
,General Discussion
,General Discussion
,General Discussion
,General Discussion
,General Discussion
,General Discussion
,General Discussion
,General Discussion
,General Discussion
,General Discussion
,General Discussion
,General Discussion
,General Discussion
,General Discussion
,General Discussion
,General Discussion
,General Discussion
,General Discussion
,General Discussion
,General Discussion
,General Discussion
,General Discussion
,General Discussion
,General Discussion
,General Discussion
,General Discussion
,General Discussion
,General Discussion
,General Discussion
,General Discussion
,General Discussion
,General Discussion
,General Discussion
,General Discussion
,General Discussion
,General Discussion
,General Discussion
,General Discussion
,General Discussion
,General Discussion
,General Discussion
,General Discussion
,General Discussion
,General Discussion
,General Discussion
,General Discussion
,General Discussion
,General Discussion
,General Discussion
,General Discussion
,General Discussion
,General Discussion
,General Discussion
,General Discussion
,General Discussion
,General Discussion
,General Discussion
,General Discussion
,General Discussion
,General Discussion
,General Discussion
,General Discussion
,General Discussion
,General Discussion
,General Discussion
,General Discussion
,General Discussion
,General Discussion
,General Discussion
,General Discussion
,General Discussion
,General Discussion
,General Discussion
,General Discussion
,General Discussion
,General Discussion
,General Discussion
,General Discussion
,General Discussion
,General Discussion
,General Discussion
,General Discussion
,General Discussion
,General Discussion
,General Discussion
,General Discussion
,General Discussion
,General Discussion
,General Discussion
,General Discussion
,General Discussion
,General Discussion
,General Discussion
,General Discussion
,General Discussion
,General Discussion
,General Discussion
,General Discussion
,General Discussion
,General Discussion
,General Discussion
,General Discussion
,General Discussion
,General Discussion
,General Discussion
,General Discussion
,General Discussion
,General Discussion
,General Discussion
,General Discussion
,General Discussion
,General Discussion
,General Discussion
,General Discussion
,General Discussion
,General Discussion
,General Discussion
,General Discussion
,General Discussion
,General Discussion
,General Discussion
,General Discussion
,General Discussion
,General Discussion
,General Discussion
,General Discussion
,General Discussion
,General Discussion
,General Discussion
,General Discussion
,General Discussion
,General Discussion
,General Discussion
,General Discussion
,General Discussion
,General Discussion
,General Discussion
,General Discussion
,General Discussion
,General Discussion
,General Discussion
,General Discussion
,General Discussion
,General Discussion
,General Discussion
,General Discussion
,General Discussion
,General Discussion
,General Discussion
,General Discussion
,General Discussion
,General Discussion
,General Discussion
,General Discussion
,General Discussion
,General Discussion
,General Discussion
,General Discussion
,General Discussion
,General Discussion
,General Discussion
,General Discussion
,General Discussion
,General Discussion
,General Discussion
,General Discussion
,General Discussion
,General Discussion
,General Discussion
,General Discussion
,General Discussion
,General Discussion
,General Discussion
,General Discussion
,General Discussion
,General Discussion
,General Discussion
,General Discussion
,General Discussion
,General Discussion
,General Discussion
,General Discussion
,General Discussion
,General Discussion
,General Discussion
,General Discussion
,General Discussion
,General Discussion
,General Discussion
,General Discussion
,General Discussion
,General Discussion
,General Discussion
,General Discussion
,General Discussion
,General Discussion
,General Discussion
,General Discussion
,General Discussion
,General Discussion
,General Discussion
,General Discussion
,General Discussion
,General Discussion
,General Discussion
,General Discussion
,General Discussion
,General Discussion
,General Discussion
,General Discussion
,General Discussion
,General Discussion
,General Discussion
,General Discussion
,General Discussion
,General Discussion
,General Discussion
,General Discussion
,General Discussion
,General Discussion
,General Discussion
,General Discussion
,General Discussion
,General Discussion
,General Discussion
,General Discussion
,General Discussion
,General Discussion
,General Discussion
,General Discussion
,General Discussion
,General Discussion
,General Discussion
,General Discussion
,General Discussion
,General Discussion
,General Discussion
,General Discussion
,General Discussion
,General Discussion
,General Discussion
,General Discussion
,General Discussion
,General Discussion
,General Discussion
,General Discussion
,General Discussion
,General Discussion
,General Discussion
,General Discussion
,General Discussion
,General Discussion
,General Discussion
,General Discussion
,General Discussion
,General Discussion
,General Discussion
,General Discussion
,General Discussion
,General Discussion
,General Discussion
,General Discussion
,General Discussion
,General Discussion
,General Discussion
,General Discussion
,General Discussion
,General Discussion
,General Discussion
,General Discussion
,General Discussion
,General Discussion
,General Discussion
,General Discussion
,General Discussion
,General Discussion
,General Discussion
,General Discussion
,General Discussion
,General Discussion
,General Discussion
,General Discussion
,General Discussion
,General Discussion
,General Discussion
,General Discussion
,General Discussion
,General Discussion
,General Discussion
,General Discussion
,General Discussion
,General Discussion
,General Discussion
,General Discussion
,General Discussion
,General Discussion
,General Discussion
,General Discussion
,General Discussion
,General Discussion
,General Discussion
,General Discussion
,General Discussion
,General Discussion
,General Discussion
,General Discussion
,General Discussion
,General Discussion
,General Discussion
,General Discussion
,General Discussion
,General Discussion
,General Discussion
,General Discussion
,General Discussion
,General Discussion
,General Discussion
,General Discussion
,General Discussion
,General Discussion
,General Discussion
,General Discussion
,General Discussion
,General Discussion
,General Discussion
,General Discussion
,General Discussion
,General Discussion
,General Discussion
,General Discussion
,General Discussion
,General Discussion
,General Discussion
,General Discussion
,General Discussion
,General Discussion
,General Discussion
,General Discussion
,General Discussion
,General Discussion
,General Discussion
,General Discussion
,General Discussion
,General Discussion
,General Discussion
,General Discussion
,General Discussion
,General Discussion
,General Discussion
,General Discussion
,General Discussion
,General Discussion
,General Discussion
,General Discussion
,General Discussion
,General Discussion
,General Discussion
,General Discussion
,General Discussion
,General Discussion
,General Discussion
,General Discussion
,General Discussion
,General Discussion
,General Discussion
,General Discussion
,General Discussion
,General Discussion
,General Discussion
,General Discussion
,General Discussion
,General Discussion
,General Discussion
,General Discussion
,General Discussion
,General Discussion
,General Discussion
,General Discussion
,General Discussion
,General Discussion
,General Discussion
,General Discussion
,General Discussion
,General Discussion
,General Discussion
,General Discussion
,General Discussion
,General Discussion
,General Discussion
,General Discussion
,General Discussion
,General Discussion
,General Discussion
,General Discussion
,General Discussion
,General Discussion
,General Discussion
,General Discussion
,General Discussion
,General Discussion
,General Discussion
,General Discussion
,General Discussion
,General Discussion
,General Discussion
,General Discussion
,General Discussion
,General Discussion
,General Discussion
,General Discussion
,General Discussion
,General Discussion
,General Discussion
,General Discussion
,General Discussion
,General Discussion
,General Discussion
,General Discussion
,General Discussion
,General Discussion
,General Discussion
,General Discussion
,General Discussion
,General Discussion
,General Discussion
,General Discussion
,General Discussion
,General Discussion
,General Discussion
,General Discussion
,General Discussion
,General Discussion
,General Discussion
,General Discussion
,General Discussion
,General Discussion
,General Discussion
,General Discussion
,General Discussion
,General Discussion
,General Discussion
,General Discussion
,General Discussion
,General Discussion
,General Discussion
,General Discussion
,General Discussion
,General Discussion
,General Discussion
,General Discussion
,General Discussion
,General Discussion
,General Discussion
,General Discussion
,General Discussion
,General Discussion
,General Discussion
,General Discussion
,General Discussion
,General Discussion
,General Discussion
,General Discussion
,General Discussion
,General Discussion
,General Discussion
,General Discussion
,General Discussion
,General Discussion
,General Discussion
,General Discussion
,General Discussion
,General Discussion
,General Discussion
,General Discussion
,General Discussion
,General Discussion
,General Discussion
,General Discussion
,General Discussion
,General Discussion
,General Discussion
,General Discussion
,General Discussion
,General Discussion
,General Discussion
,General Discussion
,General Discussion
,General Discussion
,General Discussion
,General Discussion
,General Discussion
,General Discussion
,General Discussion
,General Discussion
,General Discussion
,General Discussion
,General Discussion
,General Discussion
,General Discussion
,General Discussion
,General Discussion
,General Discussion
,General Discussion
,General Discussion
,General Discussion
,General Discussion
,General Discussion
,General Discussion
,General Discussion
,General Discussion
,General Discussion
,General Discussion
,General Discussion
,General Discussion
,General Discussion
,General Discussion
,General Discussion
,General Discussion
,General Discussion
,General Discussion
,General Discussion
,General Discussion
,General Discussion
,General Discussion
,General Discussion
,General Discussion
,General Discussion
,General Discussion
,General Discussion
,General Discussion
,General Discussion
,General Discussion
,General Discussion
,General Discussion
,General Discussion
,General Discussion
,General Discussion
,General Discussion
,General Discussion
,General Discussion
,General Discussion
,General Discussion
,General Discussion
,General Discussion
,General Discussion
,General Discussion
,General Discussion
,General Discussion
,General Discussion
,General Discussion
,General Discussion
,General Discussion
,General Discussion
,General Discussion
,General Discussion
,General Discussion
,General Discussion
,General Discussion
,General Discussion
,General Discussion
,General Discussion
,General Discussion
,General Discussion
,General Discussion
,General Discussion
,General Discussion
,General Discussion
,General Discussion
,General Discussion
,General Discussion
,General Discussion
,General Discussion
,General Discussion
,General Discussion
,General Discussion
,General Discussion
,General Discussion
,General Discussion
,General Discussion
,General Discussion
,General Discussion
,General Discussion
,General Discussion
,General Discussion
,General Discussion
,General Discussion
,General Discussion
,General Discussion
,General Discussion
,General Discussion
,General Discussion
,General Discussion
,General Discussion
,General Discussion
,General Discussion
,General Discussion
,General Discussion
,General Discussion
,General Discussion
,General Discussion
,General Discussion
,General Discussion
,General Discussion
,General Discussion
,General Discussion
,General Discussion
,General Discussion
,General Discussion
,General Discussion
,General Discussion
,General Discussion
,General Discussion
,General Discussion
,General Discussion
,General Discussion
,General Discussion
,General Discussion
,General Discussion
,General Discussion
,General Discussion
,General Discussion
,General Discussion
,General Discussion
,General Discussion
,General Discussion
,General Discussion
,General Discussion
,General Discussion
,General Discussion
,General Discussion
,General Discussion
,General Discussion
,General Discussion
,General Discussion
,General Discussion
,General Discussion
,General Discussion
,General Discussion
,General Discussion
,General Discussion
,General Discussion
,General Discussion
,General Discussion
,General Discussion
,General Discussion
,General Discussion
,General Discussion
,General Discussion
,General Discussion
,General Discussion
,General Discussion
,General Discussion
,General Discussion
,General Discussion
,General Discussion
,General Discussion
,General Discussion
,General Discussion
,General Discussion
,General Discussion
,General Discussion
,General Discussion
,General Discussion
,General Discussion
,General Discussion
,General Discussion
,General Discussion
,General Discussion
,General Discussion
,General Discussion
,General Discussion
,General Discussion
,General Discussion
,General Discussion
,General Discussion
,General Discussion
,General Discussion
,General Discussion
,General Discussion
,General Discussion
,General Discussion
,General Discussion
,General Discussion
,General Discussion
,General Discussion
,General Discussion
,General Discussion
,General Discussion
,General Discussion
,General Discussion
,General Discussion
,General Discussion
,General Discussion
,General Discussion
,General Discussion
,General Discussion
,General Discussion
,General Discussion
,General Discussion
,General Discussion
,General Discussion
,General Discussion
,General Discussion
,General Discussion
,General Discussion
,General Discussion
,General Discussion
,General Discussion
,General Discussion
,General Discussion
,General Discussion
,General Discussion
,General Discussion
,General Discussion
,General Discussion
,General Discussion
,General Discussion
,General Discussion
,General Discussion
,General Discussion
,General Discussion
,General Discussion
,General Discussion
,General Discussion
,General Discussion
,General Discussion
,General Discussion
,General Discussion
,General Discussion
,General Discussion
,General Discussion
,General Discussion
,General Discussion
,General Discussion
,General Discussion
,General Discussion
,General Discussion
,General Discussion
,General Discussion
,General Discussion
,General Discussion
,General Discussion
,General Discussion
,General Discussion
,General Discussion
,General Discussion
,General Discussion
,General Discussion
,General Discussion
,General Discussion
,General Discussion
,General Discussion
,General Discussion
,General Discussion
,General Discussion
,General Discussion
,General Discussion
,General Discussion
,General Discussion
,General Discussion
,General Discussion
,General Discussion
,General Discussion
,General Discussion
,General Discussion
,General Discussion
,General Discussion
,General Discussion
,General Discussion
,General Discussion
,General Discussion
,General Discussion
,General Discussion
,General Discussion
,General Discussion
,General Discussion
,General Discussion
,General Discussion
,General Discussion
,General Discussion
,General Discussion
,General Discussion
,General Discussion
,General Discussion
,General Discussion
,General Discussion
,General Discussion
,General Discussion
,General Discussion
,General Discussion
,General Discussion
,General Discussion
,General Discussion
,General Discussion
,General Discussion
,General Discussion
,General Discussion
,General Discussion
,General Discussion
,General Discussion
,General Discussion
,General Discussion
,General Discussion
,General Discussion
,General Discussion
,General Discussion
,General Discussion
,General Discussion
,General Discussion
,General Discussion
,General Discussion
,General Discussion
,General Discussion
,General Discussion
,General Discussion
,General Discussion
,General Discussion
,General Discussion
,General Discussion
,General Discussion
,General Discussion
,General Discussion
,General Discussion
,General Discussion
,General Discussion
,General Discussion
,General Discussion
,General Discussion
,General Discussion
,General Discussion
,General Discussion
,General Discussion
,General Discussion
,General Discussion
,General Discussion
,General Discussion
,General Discussion
,General Discussion
,General Discussion
,General Discussion
,General Discussion
,General Discussion
,General Discussion
,General Discussion
,General Discussion
,General Discussion
,General Discussion
,General Discussion
,General Discussion
,General Discussion
,General Discussion
,General Discussion
,General Discussion
,General Discussion
,General Discussion
,General Discussion
,General Discussion
,General Discussion
,General Discussion
,General Discussion
,General Discussion
,General Discussion
,General Discussion
,General Discussion
,General Discussion
,General Discussion
,General Discussion
,General Discussion
,General Discussion
,General Discussion
,General Discussion
,General Discussion
,General Discussion
,General Discussion
,General Discussion
,General Discussion
,General Discussion
,General Discussion
,General Discussion
,General Discussion
,General Discussion
,General Discussion
,General Discussion
,General Discussion
,General Discussion
,General Discussion
,General Discussion
,General Discussion
,General Discussion
,General Discussion
,General Discussion
,General Discussion
,General Discussion
,General Discussion
,General Discussion
,General Discussion
,General Discussion
,General Discussion
,General Discussion
,General Discussion
,General Discussion
,General Discussion
,General Discussion
,General Discussion
,General Discussion
,General Discussion
,General Discussion
,General Discussion
,General Discussion
,General Discussion
,General Discussion
,General Discussion
,General Discussion
,General Discussion
,General Discussion
,General Discussion
,General Discussion
,General Discussion
,General Discussion
,General Discussion
,General Discussion
,General Discussion
,General Discussion
,General Discussion
,General Discussion
,General Discussion
,General Discussion
,General Discussion
,General Discussion
,General Discussion
,General Discussion
,General Discussion
,General Discussion
,General Discussion
,General Discussion
,General Discussion
,General Discussion
,General Discussion
,General Discussion
,General Discussion
,General Discussion
,General Discussion
,General Discussion
,General Discussion
,General Discussion
,General Discussion
,General Discussion
,General Discussion
,General Discussion
,General Discussion
,General Discussion
,General Discussion
,General Discussion
,General Discussion
,General Discussion
,General Discussion
,General Discussion
,General Discussion
,General Discussion
,General Discussion
,General Discussion
,General Discussion
,General Discussion
,General Discussion
,General Discussion
,General Discussion
,General Discussion
,General Discussion
,General Discussion
,General Discussion
,General Discussion
,General Discussion
,General Discussion
,General Discussion
,General Discussion
,General Discussion
,General Discussion
,General Discussion
,General Discussion
,General Discussion
,General Discussion
,General Discussion
,General Discussion
,General Discussion
,General Discussion
,General Discussion
,General Discussion
,General Discussion
,General Discussion
,General Discussion
,General Discussion
,General Discussion
,General Discussion
,General Discussion
,General Discussion
,General Discussion
,General Discussion
,General Discussion
,General Discussion
,General Discussion
,General Discussion
,General Discussion
,General Discussion
,General Discussion
,General Discussion
,General Discussion
,General Discussion
,General Discussion
,General Discussion
,General Discussion
,General Discussion
,General Discussion
,General Discussion
,General Discussion
,General Discussion
,General Discussion
,General Discussion
,General Discussion
,General Discussion
,General Discussion
,General Discussion
,General Discussion
,General Discussion
,General Discussion
,General Discussion
,General Discussion
,General Discussion
,General Discussion
,General Discussion
,General Discussion
,General Discussion
,General Discussion
,General Discussion
,General Discussion
,General Discussion
,General Discussion
,General Discussion
,General Discussion
,General Discussion
,General Discussion
,General Discussion
,General Discussion
,General Discussion
,General Discussion
,General Discussion
,General Discussion
,General Discussion
,General Discussion
,General Discussion
,General Discussion
,General Discussion
,General Discussion
,General Discussion
,General Discussion
,General Discussion
,General Discussion
,General Discussion
,General Discussion
,General Discussion
,General Discussion
,General Discussion
,General Discussion
,General Discussion
,General Discussion
,General Discussion
,General Discussion
,General Discussion
,General Discussion
,General Discussion
,General Discussion
,General Discussion
,General Discussion
,General Discussion
,General Discussion
,General Discussion
,General Discussion
,General Discussion
,General Discussion
,General Discussion
,General Discussion
,General Discussion
,General Discussion
,General Discussion
,General Discussion
,General Discussion
,General Discussion
,General Discussion
,General Discussion
,General Discussion
,General Discussion
,General Discussion
,General Discussion
,General Discussion
,General Discussion
,General Discussion
,General Discussion
,General Discussion
,General Discussion
,General Discussion
,General Discussion
,General Discussion
,General Discussion
,General Discussion
,General Discussion
,General Discussion
,General Discussion
,General Discussion
,General Discussion
,General Discussion
,General Discussion
,General Discussion
,General Discussion
,General Discussion
,General Discussion
,General Discussion
,General Discussion
,General Discussion
,General Discussion
,General Discussion
,General Discussion
,General Discussion
,General Discussion
,General Discussion
,General Discussion
,General Discussion
,General Discussion
,General Discussion
,General Discussion
,General Discussion
,General Discussion
,General Discussion
,General Discussion
,General Discussion
,General Discussion
,General Discussion
,General Discussion
,General Discussion
,General Discussion
,General Discussion
,General Discussion
,General Discussion
,General Discussion
,General Discussion
,General Discussion
,General Discussion
,General Discussion
,General Discussion
,General Discussion
,General Discussion
,General Discussion
,General Discussion
,General Discussion
,General Discussion
,General Discussion
,General Discussion
,General Discussion
,General Discussion
,General Discussion
,General Discussion
,General Discussion
,General Discussion
,General Discussion
,General Discussion
,General Discussion
,General Discussion
,General Discussion
,General Discussion
,General Discussion
,General Discussion
,General Discussion
,General Discussion
,General Discussion
,General Discussion
,General Discussion
,General Discussion
,General Discussion
,General Discussion
,General Discussion
,General Discussion
,General Discussion
,General Discussion
,General Discussion
,General Discussion
,General Discussion
,General Discussion
,General Discussion
,General Discussion
,General Discussion
,General Discussion
,General Discussion
,General Discussion
,General Discussion
,General Discussion
,General Discussion
,General Discussion
,General Discussion
,General Discussion
,General Discussion
,General Discussion
,General Discussion
,General Discussion
,General Discussion
,General Discussion
,General Discussion
,General Discussion
,General Discussion
,General Discussion
,General Discussion
,General Discussion
,General Discussion
,General Discussion
,General Discussion
,General Discussion
,General Discussion
,General Discussion
,General Discussion
,General Discussion
,General Discussion
,General Discussion
,General Discussion
,General Discussion
,General Discussion
,General Discussion
,General Discussion
,General Discussion
,General Discussion
,General Discussion
,General Discussion
,General Discussion
,General Discussion
,General Discussion
,General Discussion
,General Discussion
,General Discussion
,General Discussion
,General Discussion
,General Discussion
,General Discussion
,General Discussion
,General Discussion
,General Discussion
,General Discussion
,General Discussion
,General Discussion
,General Discussion
,General Discussion
,General Discussion
,General Discussion
,General Discussion
,General Discussion
,General Discussion
,General Discussion
,General Discussion
,General Discussion
,General Discussion
,General Discussion
,General Discussion
,General Discussion
,General Discussion
,General Discussion
,General Discussion
,General Discussion
,General Discussion
,General Discussion
,General Discussion
,General Discussion
,General Discussion
,General Discussion
,General Discussion
,General Discussion
,General Discussion
,General Discussion
,General Discussion
,General Discussion
,General Discussion
,General Discussion
,General Discussion
,General Discussion
,General Discussion
,General Discussion
,General Discussion
,General Discussion
,General Discussion
,General Discussion
,General Discussion
,General Discussion
,General Discussion
,General Discussion
,General Discussion
,General Discussion
,General Discussion
,General Discussion
,General Discussion
,General Discussion
,General Discussion
,General Discussion
,General Discussion
,General Discussion
,General Discussion
,General Discussion
,General Discussion
,General Discussion
,General Discussion
,General Discussion
,General Discussion
,General Discussion
,General Discussion
,General Discussion
,General Discussion
,General Discussion
,General Discussion
,General Discussion
,General Discussion
,General Discussion
,General Discussion
,General Discussion
,General Discussion
,General Discussion
,General Discussion
,General Discussion
,General Discussion
,General Discussion
,General Discussion
,General Discussion
,General Discussion
,General Discussion
,General Discussion
,General Discussion
,General Discussion
,General Discussion
,General Discussion
,General Discussion
,General Discussion
,General Discussion
,General Discussion
,General Discussion
,General Discussion
,General Discussion
,General Discussion
,General Discussion
,General Discussion
,General Discussion
,General Discussion
,General Discussion
,General Discussion
,General Discussion
,General Discussion
,General Discussion
,General Discussion
,General Discussion
,General Discussion
,General Discussion
,General Discussion
,General Discussion
,General Discussion
,General Discussion
,General Discussion
,General Discussion
,General Discussion
,General Discussion
,General Discussion
,General Discussion
,General Discussion
,General Discussion
,General Discussion
,General Discussion
,General Discussion
,General Discussion
,General Discussion
,General Discussion
,General Discussion
,General Discussion
,General Discussion
,General Discussion
,General Discussion
,General Discussion
,General Discussion
,General Discussion
,General Discussion
,General Discussion
,General Discussion
,General Discussion
,General Discussion
,General Discussion
,General Discussion
,General Discussion
,General Discussion
,General Discussion
,General Discussion
,General Discussion
,General Discussion
,General Discussion
,General Discussion
,General Discussion
,General Discussion
,General Discussion
,General Discussion
,General Discussion
,General Discussion
,General Discussion
,General Discussion
,General Discussion
,General Discussion
,General Discussion
,General Discussion
,General Discussion
,General Discussion
,General Discussion
,General Discussion
,General Discussion
,General Discussion
,General Discussion
,General Discussion
,General Discussion
,General Discussion
,General Discussion
,General Discussion
,General Discussion
,General Discussion
,General Discussion
,General Discussion
,General Discussion
,General Discussion
,General Discussion
,General Discussion
,General Discussion
,General Discussion
,General Discussion
,General Discussion
,General Discussion
,General Discussion
,General Discussion
,General Discussion
,General Discussion
,General Discussion
,General Discussion
,General Discussion
,General Discussion
,General Discussion
,General Discussion
,General Discussion
,General Discussion
,General Discussion
,General Discussion
,General Discussion
,General Discussion
,General Discussion
,General Discussion
,General Discussion
,General Discussion
,General Discussion
,General Discussion
,General Discussion
,General Discussion
,General Discussion
,General Discussion
,General Discussion
,General Discussion
,General Discussion
,General Discussion
,General Discussion
,General Discussion
,General Discussion
,General Discussion
,General Discussion
,General Discussion
,General Discussion
,General Discussion
,General Discussion
,General Discussion
,General Discussion
,General Discussion
,General Discussion
,General Discussion
,General Discussion
,General Discussion
,General Discussion
,General Discussion
,General Discussion
,General Discussion
,General Discussion
,General Discussion
,General Discussion
,General Discussion
,General Discussion
,General Discussion
,General Discussion
,General Discussion
,General Discussion
,General Discussion
,General Discussion
,General Discussion
,General Discussion
,General Discussion
,General Discussion
,General Discussion
,General Discussion
,General Discussion
,General Discussion
,General Discussion
,General Discussion
,General Discussion
,General Discussion
,General Discussion
,General Discussion
,General Discussion
,General Discussion
,General Discussion
,General Discussion
,General Discussion
,General Discussion
,General Discussion
,General Discussion
,General Discussion
,General Discussion
,General Discussion
,General Discussion
,General Discussion
,General Discussion
,General Discussion
,General Discussion
,General Discussion
,General Discussion
,General Discussion
,General Discussion
,General Discussion
,General Discussion
,General Discussion
,General Discussion
,General Discussion
,General Discussion
,General Discussion
,General Discussion
,General Discussion
,General Discussion
,General Discussion
,General Discussion
,General Discussion
,General Discussion
,General Discussion
,General Discussion
,General Discussion
,General Discussion
,General Discussion
,General Discussion
,General Discussion
,General Discussion
,General Discussion
,General Discussion
,General Discussion
,General Discussion
,General Discussion
,General Discussion
,General Discussion
,General Discussion
,General Discussion
,General Discussion
,General Discussion
,General Discussion
,General Discussion
,General Discussion
,General Discussion
,General Discussion
,General Discussion
,General Discussion
,General Discussion
,General Discussion
,General Discussion
,General Discussion
,General Discussion
,General Discussion
,General Discussion
,General Discussion
,General Discussion
,General Discussion
,General Discussion
,General Discussion
,General Discussion
,General Discussion
,General Discussion
,General Discussion
,General Discussion
,General Discussion
,General Discussion
,General Discussion
,General Discussion
,General Discussion
,General Discussion
,General Discussion
,General Discussion
,General Discussion
,General Discussion
,General Discussion
,General Discussion
,General Discussion
,General Discussion
,General Discussion
,General Discussion
,General Discussion
,General Discussion
,General Discussion
,General Discussion
,General Discussion
,General Discussion
,General Discussion
,General Discussion
,General Discussion
,General Discussion
,General Discussion
,General Discussion
,General Discussion
,General Discussion
,General Discussion
,General Discussion
,General Discussion
,General Discussion
,General Discussion
,General Discussion
,General Discussion
,General Discussion
,General Discussion
,General Discussion
,General Discussion
,General Discussion
,General Discussion
,General Discussion
,General Discussion
,General Discussion
,General Discussion
,General Discussion
,General Discussion
,General Discussion
,General Discussion
,General Discussion
,General Discussion
,General Discussion
,General Discussion
,General Discussion
,General Discussion
,General Discussion
,General Discussion
,General Discussion
,General Discussion
,General Discussion
,General Discussion
,General Discussion
,General Discussion
,General Discussion
,General Discussion
,General Discussion
,General Discussion
,General Discussion
,General Discussion
,General Discussion
,General Discussion
,General Discussion
,General Discussion
,General Discussion
,General Discussion
,General Discussion
,General Discussion
,General Discussion
,General Discussion
,General Discussion
,General Discussion
,General Discussion
,General Discussion
,General Discussion
,General Discussion
,General Discussion
,General Discussion
,General Discussion
,General Discussion
,General Discussion
,General Discussion
,General Discussion
,General Discussion
,General Discussion
,General Discussion
,General Discussion
,General Discussion
,General Discussion
,General Discussion
,General Discussion
,General Discussion
,General Discussion
,General Discussion
,General Discussion
,General Discussion
,General Discussion
,General Discussion
,General Discussion
,General Discussion
,General Discussion
,General Discussion
,General Discussion
,General Discussion
,General Discussion
,General Discussion
,General Discussion
,General Discussion
,General Discussion
,General Discussion
,General Discussion
,General Discussion
,General Discussion
,General Discussion
,General Discussion
,General Discussion
,General Discussion
,General Discussion
,General Discussion
,General Discussion
,General Discussion
,General Discussion
,General Discussion
,General Discussion
,General Discussion
,General Discussion
,General Discussion
,General Discussion
,General Discussion
,General Discussion
,General Discussion
,General Discussion
,General Discussion
,General Discussion
,General Discussion
,General Discussion
,General Discussion
,General Discussion
,General Discussion
,General Discussion
,General Discussion
,General Discussion
,General Discussion
,General Discussion
,General Discussion
,General Discussion
,General Discussion
,General Discussion
,General Discussion
,General Discussion
,General Discussion
,General Discussion
,General Discussion
,General Discussion
,General Discussion
,General Discussion
,General Discussion
,General Discussion
,General Discussion
,General Discussion
,General Discussion
,General Discussion
,General Discussion
,General Discussion
,General Discussion
,General Discussion
,General Discussion
,General Discussion
,General Discussion
,General Discussion
,General Discussion
,General Discussion
,General Discussion
,General Discussion
,General Discussion
,General Discussion
,General Discussion
,General Discussion
,General Discussion
,General Discussion
,General Discussion
,General Discussion
,General Discussion
,General Discussion
,General Discussion
,General Discussion
,General Discussion
,General Discussion
,General Discussion
,General Discussion
,General Discussion
,General Discussion
,General Discussion
,General Discussion
,General Discussion
,General Discussion
,General Discussion
,General Discussion
,General Discussion
,General Discussion
,General Discussion
,General Discussion
,General Discussion
,General Discussion
,General Discussion
,General Discussion
,General Discussion
,General Discussion
,General Discussion
,General Discussion
,General Discussion
,General Discussion
,General Discussion
,General Discussion
,General Discussion
,General Discussion
,General Discussion
,General Discussion
,General Discussion
,General Discussion
,General Discussion
,General Discussion
,General Discussion
,General Discussion
,General Discussion
,General Discussion
,General Discussion
,General Discussion
,General Discussion
,General Discussion
,General Discussion
,General Discussion
,General Discussion
,General Discussion
,General Discussion
,General Discussion
,General Discussion
,General Discussion
,General Discussion
,General Discussion
,General Discussion
,General Discussion
,General Discussion
,General Discussion
,General Discussion
,General Discussion
,General Discussion
,General Discussion
,General Discussion
,General Discussion
,General Discussion
,General Discussion
,General Discussion
,General Discussion
,General Discussion
,General Discussion
,General Discussion
,General Discussion
,General Discussion
,General Discussion
,General Discussion
,General Discussion
,General Discussion
,General Discussion
,General Discussion
,General Discussion
,General Discussion
,General Discussion
,General Discussion
,General Discussion
,General Discussion
,General Discussion
,General Discussion
,General Discussion
,General Discussion
,General Discussion
,General Discussion
,General Discussion
,General Discussion
,General Discussion
,General Discussion
,General Discussion
,General Discussion
,General Discussion
,General Discussion
,General Discussion
,General Discussion
,General Discussion
,General Discussion
,General Discussion
,General Discussion
,General Discussion
,General Discussion
,General Discussion
,General Discussion
,General Discussion
,General Discussion
,General Discussion
,General Discussion
,General Discussion
,General Discussion
,General Discussion
,General Discussion
,General Discussion
,General Discussion
,General Discussion
,General Discussion
,General Discussion
,General Discussion
,General Discussion
,General Discussion
,General Discussion
,General Discussion
,General Discussion
,General Discussion
,General Discussion
,General Discussion
,General Discussion
,General Discussion
,General Discussion
,General Discussion
,General Discussion
,General Discussion
,General Discussion
,General Discussion
,General Discussion
,General Discussion
,General Discussion
,General Discussion
,General Discussion
,General Discussion
,General Discussion
,General Discussion
,General Discussion
,General Discussion
,General Discussion
,General Discussion
,General Discussion
,General Discussion
,General Discussion
,General Discussion
,General Discussion
,General Discussion
,General Discussion
,General Discussion
,General Discussion
,General Discussion
,General Discussion
,General Discussion
,General Discussion
,General Discussion
,General Discussion
,General Discussion
,General Discussion
,General Discussion
,General Discussion
,General Discussion
,General Discussion
,General Discussion
,General Discussion
,General Discussion
,General Discussion
,General Discussion
,General Discussion
,General Discussion
,General Discussion
,General Discussion
,General Discussion
,General Discussion
,General Discussion
,General Discussion
,General Discussion
,General Discussion
,General Discussion
,General Discussion
,General Discussion
,General Discussion
,General Discussion
,General Discussion
,General Discussion
,General Discussion
,General Discussion
,General Discussion
,General Discussion
,General Discussion
,General Discussion
,General Discussion
,General Discussion
,General Discussion
,General Discussion
,General Discussion
,General Discussion
,General Discussion
,General Discussion
,General Discussion
,General Discussion
,General Discussion
,General Discussion
,General Discussion
,General Discussion
,General Discussion
,General Discussion
,General Discussion
,General Discussion
,General Discussion
,General Discussion
,General Discussion
,General Discussion
,General Discussion
,General Discussion
,General Discussion
,General Discussion
,General Discussion
,General Discussion
,General Discussion
,General Discussion
,General Discussion
,General Discussion
,General Discussion
,General Discussion
,General Discussion
,General Discussion
,General Discussion
,General Discussion
,General Discussion
,General Discussion
,General Discussion
,General Discussion
,General Discussion
,General Discussion
,General Discussion
,General Discussion
,General Discussion
,General Discussion
,General Discussion
,General Discussion
,General Discussion
,General Discussion
,General Discussion
,General Discussion
,General Discussion
,General Discussion
,General Discussion
,General Discussion
,General Discussion
,General Discussion
,General Discussion
,General Discussion
,General Discussion
,General Discussion
,General Discussion
,General Discussion
,General Discussion
,General Discussion
,General Discussion
,General Discussion
,General Discussion
,General Discussion
,General Discussion
,General Discussion
,General Discussion
,General Discussion
,General Discussion
,General Discussion
,General Discussion
,General Discussion
,General Discussion
,General Discussion
,General Discussion
,General Discussion
,General Discussion
,General Discussion
,General Discussion
,General Discussion
,General Discussion
,General Discussion
,General Discussion
,General Discussion
,General Discussion
,General Discussion
,General Discussion
,General Discussion
,General Discussion
,General Discussion
,General Discussion
,General Discussion
,General Discussion
,General Discussion
,General Discussion
,General Discussion
,General Discussion
,General Discussion
,General Discussion
,General Discussion
,General Discussion
,General Discussion
,General Discussion
,General Discussion
,General Discussion
,General Discussion
,General Discussion
,General Discussion
,General Discussion
,General Discussion
,General Discussion
,General Discussion
,General Discussion
,General Discussion
,General Discussion
,General Discussion
,General Discussion
,General Discussion
,General Discussion
,General Discussion
,General Discussion
,General Discussion
,General Discussion
,General Discussion
,General Discussion
,General Discussion
,General Discussion
,General Discussion
,General Discussion
,General Discussion
,General Discussion
,General Discussion
,General Discussion
,General Discussion
,General Discussion
,General Discussion
,General Discussion
,General Discussion
,General Discussion
,General Discussion
,General Discussion
,General Discussion
,General Discussion
,General Discussion
,General Discussion
,General Discussion
,General Discussion
,General Discussion
,General Discussion
,General Discussion
,General Discussion
,General Discussion
,General Discussion
,General Discussion
,General Discussion
,General Discussion
,General Discussion
,General Discussion
,General Discussion
,General Discussion
,General Discussion
,General Discussion
,General Discussion
,General Discussion
,General Discussion
,General Discussion
,General Discussion
,General Discussion
,General Discussion
,General Discussion
,General Discussion
,General Discussion
,General Discussion
,General Discussion
,General Discussion
,General Discussion
,General Discussion
,General Discussion
,General Discussion
,General Discussion
,General Discussion
,General Discussion
,General Discussion
,General Discussion
,General Discussion
,General Discussion
,General Discussion
,General Discussion
,General Discussion
,General Discussion
,General Discussion
,General Discussion
,General Discussion
,General Discussion
,General Discussion
,General Discussion
,General Discussion
,General Discussion
,General Discussion
,General Discussion
,General Discussion
,General Discussion
,General Discussion
,General Discussion
,General Discussion
,General Discussion
,General Discussion
,General Discussion
,General Discussion
,General Discussion
,General Discussion
,General Discussion
,General Discussion
,General Discussion
,General Discussion
,General Discussion
,General Discussion
,General Discussion
,General Discussion
,General Discussion
,General Discussion
,General Discussion
,General Discussion
,General Discussion
,General Discussion
,General Discussion
,General Discussion
,General Discussion
,General Discussion
,General Discussion
,General Discussion
,General Discussion
,General Discussion
,General Discussion
,General Discussion
,General Discussion
,General Discussion
,General Discussion
,General Discussion
,General Discussion
,General Discussion
,General Discussion
,General Discussion
,General Discussion
,General Discussion
,General Discussion
,General Discussion
,General Discussion
,General Discussion
,General Discussion
,General Discussion
,General Discussion
,General Discussion
,General Discussion
,General Discussion
,General Discussion
,General Discussion
,General Discussion
,General Discussion
,General Discussion
,General Discussion
,General Discussion
,General Discussion
,General Discussion
,General Discussion
,General Discussion
,General Discussion
,General Discussion
,General Discussion
,General Discussion
,General Discussion
,General Discussion
,General Discussion
,General Discussion
,General Discussion
,General Discussion
,General Discussion
,General Discussion
,General Discussion
,General Discussion
,General Discussion
,General Discussion
,General Discussion
,General Discussion
,General Discussion
,General Discussion
,General Discussion
,General Discussion
,General Discussion
,General Discussion
,General Discussion
,General Discussion
,General Discussion
,General Discussion
,General Discussion
,General Discussion
,General Discussion
,General Discussion
,General Discussion
,General Discussion
,General Discussion
,General Discussion
,General Discussion
,General Discussion
,General Discussion
,General Discussion
,General Discussion
,General Discussion
,General Discussion
,General Discussion
,General Discussion
,General Discussion
,General Discussion
,General Discussion
,General Discussion
,General Discussion
,General Discussion
,General Discussion
,General Discussion
,General Discussion
,General Discussion
,General Discussion
,General Discussion
,General Discussion
,General Discussion
,General Discussion
,General Discussion
,General Discussion
,General Discussion
,General Discussion
,General Discussion
,General Discussion
,General Discussion
,General Discussion
,General Discussion
,General Discussion
,General Discussion
,General Discussion
,General Discussion
,General Discussion
,General Discussion
,General Discussion
,General Discussion
,General Discussion
,General Discussion
,General Discussion
,General Discussion
,General Discussion
,General Discussion
,General Discussion
,General Discussion
,General Discussion
,General Discussion
,General Discussion
,General Discussion
,General Discussion
,General Discussion
,General Discussion
,General Discussion
,General Discussion
,General Discussion
,General Discussion
,General Discussion
,General Discussion
,General Discussion
,General Discussion
,General Discussion
,General Discussion
,General Discussion
,General Discussion
,General Discussion
,General Discussion
,General Discussion
,General Discussion
,General Discussion
,General Discussion
,General Discussion
,General Discussion
,General Discussion
,General Discussion
,General Discussion
,General Discussion
,General Discussion
,General Discussion
,General Discussion
,General Discussion
,General Discussion
,General Discussion
,General Discussion
,General Discussion
,General Discussion
,General Discussion
,General Discussion
,General Discussion
,General Discussion
,General Discussion
,General Discussion
,General Discussion
,General Discussion
,General Discussion
,General Discussion
,General Discussion
,General Discussion
,General Discussion
,General Discussion
,General Discussion
,General Discussion
,General Discussion
,General Discussion
,General Discussion
,General Discussion
,General Discussion
,General Discussion
,General Discussion
,General Discussion
,General Discussion
,General Discussion
,General Discussion
,General Discussion
,General Discussion
,General Discussion
,General Discussion
,General Discussion
,General Discussion
,General Discussion
,General Discussion
,General Discussion
,General Discussion
,General Discussion
,General Discussion
,General Discussion
,General Discussion
,General Discussion
,General Discussion
,General Discussion
,General Discussion
,General Discussion
,General Discussion
,General Discussion
,General Discussion
,General Discussion
,General Discussion
,General Discussion
,General Discussion
,General Discussion
,General Discussion
,General Discussion
,General Discussion
,General Discussion
,General Discussion
,General Discussion
,General Discussion
,General Discussion
